lambda,alex_rouge,mathilde,a_c,m_e,alex_blanc,alex_bleu,,,,
385,0.001280571,0.002238872,0.001339031,0.002036852,0.001758982,0.001777852,,,,
386,0.001264291,0.002157472,0.000989011,0.002150812,0.001750842,0.001598772,,,,
387,0.001032301,0.002177822,0.001086691,0.002036852,0.001779332,0.001724942,,,,
388,0.001272431,0.002035372,0.001119251,0.002191512,0.001604322,0.001623192,,,,
389,0.001280571,0.002141192,0.001037851,0.002321752,0.001718282,0.001720872,,,,
390,0.001349761,0.002214452,0.000987346,0.002549673,0.001999112,0.001749362,,,,
391,0.001272431,0.002238872,0.001143671,0.002370592,0.001995042,0.001623192,,,,
392,0.001469271,0.002214452,0.001241351,0.002403152,0.001726422,0.001785992,,,,
393,0.001276501,0.002202242,0.001282051,0.002427572,0.001950272,0.001724942,,,,
394,0.001256151,0.002540053,0.001261701,0.002338032,0.001929922,0.001777852,,,,
395,0.001182891,0.002458652,0.001452991,0.002443852,0.001710142,0.001639472,,,,
396,0.001423021,0.002324342,0.001013431,0.002537463,0.001791542,0.001724942,,,,
397,0.001435231,0.002360972,0.001355311,0.002655493,0.001962482,0.001875532,,,,
398,0.001329411,0.002474932,0.001200651,0.003086913,0.001799682,0.001777852,,,,
399,0.001361971,0.002470862,0.001294261,0.003086913,0.001889222,0.001908092,,,,
400,0.001313131,0.002767973,0.001241351,0.003363673,0.001954342,0.001973212,,,,
401,0.001516632,0.002743553,0.001428571,0.003656714,0.001946202,0.001908092,,,,
402,0.001642802,0.002873793,0.001367521,0.004784105,0.001877012,0.001969142,,,,
403,0.001418951,0.002816813,0.001379731,0.03970067,0.002003182,0.001867392,,,,
404,0.001285011,0.002955193,0.001233211,0.165651016,0.002052022,0.002054612,,,,
405,0.001410811,0.003044733,0.001343101,0.015773116,0.002047952,0.002042402,,,,
406,0.001475931,0.003402893,0.001387871,0.008459318,0.001970622,0.002152292,,,,
407,0.001516632,0.003524994,0.001534392,0.020514671,0.002247382,0.002152292,,,,
408,0.001593962,0.003862804,0.001550672,0.009082029,0.002279942,0.002249972,,,,
409,0.001394531,0.004265734,0.001469271,0.008491878,0.002320642,0.002347652,,,,
410,0.001646872,0.005234395,0.001469271,0.00981056,0.002572983,0.002583713,,,,
411,0.001349761,0.005816406,0.001465201,0.011060051,0.002707293,0.003080253,,,,
412,0.001581752,0.006886817,0.001476301,0.012350242,0.003102083,0.003373293,,,,
413,0.002045732,0.008335738,0.001672772,0.014287564,0.003468383,0.003820994,,,,
414,0.001948052,0.0099556,0.001660562,0.015821956,0.003684094,0.003934954,,,,
415,0.001817812,0.011559182,0.001835572,0.018373848,0.004135864,0.004439634,,,,
416,0.002086432,0.014025604,0.001973952,0.020718171,0.004363784,0.005196655,,,,
417,0.002070152,0.016255966,0.002124542,0.022586303,0.004966145,0.005839716,,,,
418,0.001988752,0.019300329,0.002185592,0.025024235,0.005649906,0.006645577,,,,
419,0.002420172,0.023012173,0.002380952,0.028467458,0.006284826,0.007931698,,,,
420,0.002692863,0.027110667,0.002686203,0.031340881,0.007078477,0.008843379,,,,
421,0.002892293,0.030769601,0.003056573,0.034084064,0.008270988,0.00998298,,,,
422,0.003112073,0.037249047,0.003536834,0.038381988,0.00952455,0.011635402,,,,
423,0.003372553,0.043638954,0.003903134,0.042679913,0.010892071,0.013540164,,,,
424,0.003730714,0.05024864,0.004603175,0.046359196,0.012121212,0.015705406,,,,
425,0.004113294,0.057476967,0.005091575,0.050974581,0.013968994,0.017268287,,,,
426,0.004593555,0.067586858,0.005856736,0.056290006,0.016394716,0.020573131,,,,
427,0.004988345,0.076011766,0.006813187,0.060669331,0.018372738,0.022909313,,,,
428,0.005383135,0.088001998,0.007956858,0.065414955,0.021197321,0.026946757,,,,
429,0.006156436,0.102279572,0.00952788,0.071935102,0.024803345,0.030886521,,,,
430,0.006856477,0.117403707,0.010952381,0.078263958,0.028397158,0.035961816,,,,
431,0.007825138,0.132902283,0.012661783,0.083746254,0.032259592,0.041265031,,,,
432,0.008826359,0.152479002,0.014924705,0.091699042,0.037558738,0.047614238,,,,
433,0.00973804,0.171249861,0.016800977,0.104991675,0.042292152,0.053776224,,,,
434,0.011081141,0.192609243,0.018970289,0.242338032,0.048580309,0.060980131,,,,
435,0.012676583,0.222971473,0.022519333,0.968508159,0.056467976,0.070902801,,,,
436,0.014524365,0.258844489,0.026963777,0.35970067,0.066227846,0.082567433,,,,
437,0.016355866,0.291457431,0.03043956,0.126774337,0.074892885,0.093922744,,,,
438,0.018268768,0.327342657,0.034908425,0.125162615,0.085299885,0.106002516,,,,
439,0.021264291,0.377183927,0.041249491,0.1300629,0.100660081,0.125587376,,,,
440,0.023877234,0.415669886,0.047045177,0.133282273,0.114880675,0.142591853,,,,
441,0.026783217,0.457371147,0.054322344,0.137779628,0.131128131,0.162290672,,,,
442,0.031211381,0.505771636,0.064448514,0.143591594,0.154050394,0.1901702,,,,
443,0.035220335,0.536341436,0.072967033,0.146456876,0.173940504,0.213593074,,,,
444,0.03966885,0.562360972,0.083382173,0.15041292,0.195824916,0.238652089,,,,
445,0.046026196,0.582971473,0.097952788,0.155272505,0.223631184,0.270560921,,,,
446,0.053490583,0.594717505,0.114509565,0.160693751,0.252349132,0.301859252,,,,
447,0.0596892,0.57968698,0.126019536,0.160913531,0.270814741,0.31973471,,,,
448,0.063706294,0.54009805,0.132930403,0.157209827,0.275710956,0.32034521,,,,
449,0.072757983,0.522214452,0.149275539,0.163681134,0.295751656,0.338464868,,,,
450,0.080617161,0.500981241,0.160769231,0.167861028,0.308079698,0.347439227,,,,
451,0.085944796,0.463834314,0.164904355,0.168711659,0.307733748,0.339474229,,,,
452,0.090739261,0.422613313,0.166377696,0.169265179,0.300977541,0.322844193,,,,
453,0.095452325,0.395962926,0.166825397,0.171829282,0.294636475,0.311370851,,,,
454,0.097861768,0.373203463,0.163024013,0.173766604,0.285649906,0.294834425,,,,
455,0.098065268,0.345209975,0.152368742,0.174474784,0.267611648,0.26986902,,,,
456,0.097935028,0.32952418,0.142991453,0.177030747,0.254839975,0.251855182,,,,
457,0.097772228,0.321347541,0.135787546,0.181145521,0.245173715,0.24039405,,,,
458,0.093905724,0.306333296,0.124220594,0.17996929,0.231502572,0.224887335,,,,
459,0.088989159,0.293797684,0.112678063,0.17960299,0.216931957,0.211057461,,,,
460,0.087332667,0.288527029,0.106874237,0.182415362,0.211596182,0.206584527,,,,
461,0.083755134,0.278290968,0.101127391,0.181792652,0.204135864,0.20030451,,,,
462,0.080604951,0.267619418,0.096096866,0.181817072,0.197436637,0.194044844,,,,
463,0.079229289,0.258461908,0.093744404,0.182907833,0.194522515,0.1897225,,,,
464,0.078687979,0.249296259,0.092283272,0.181047841,0.191010101,0.187451437,,,,
465,0.078097828,0.241783032,0.091058201,0.184006734,0.18975247,0.184464054,,,,
466,0.07966885,0.233691864,0.091098901,0.187376697,0.188303548,0.181419691,,,,
467,0.080751471,0.226935657,0.0900814,0.189370999,0.186911607,0.177040367,,,,
468,0.081081141,0.220517261,0.088693529,0.19032745,0.182670663,0.171822622,,,,
469,0.083291153,0.220619011,0.087614978,0.193896844,0.182491582,0.16966552,,,,
470,0.083160913,0.218225848,0.084765975,0.196005106,0.178584379,0.163153513,,,,
471,0.082375402,0.217147297,0.081550672,0.194613165,0.173806194,0.157927628,,,,
472,0.081435231,0.216085026,0.077676028,0.193546824,0.169125689,0.152913383,,,,
473,0.080564251,0.21965035,0.074183964,0.193587524,0.164778925,0.148330558,,,,
474,0.077267547,0.218510749,0.068909239,0.186391756,0.159072779,0.142648833,,,,
475,0.077735598,0.227049617,0.068376068,0.187555778,0.159300699,0.143812854,,,,
476,0.076933807,0.232234802,0.066589337,0.185130055,0.157998298,0.142933733,,,,
477,0.077357087,0.245893736,0.066035816,0.188166278,0.161400821,0.147321197,,,,
478,0.079383949,0.25995967,0.067167277,0.193994524,0.167049987,0.152262182,,,,
479,0.081142191,0.274351204,0.068840049,0.201902542,0.172902653,0.158281718,,,,
480,0.082322492,0.284070374,0.069487179,0.210787361,0.176052836,0.162095312,,,,
481,0.085204055,0.297981648,0.071033781,0.235581826,0.180643801,0.166808377,,,,
482,0.087723388,0.316060606,0.073931624,0.280852481,0.189056499,0.173898324,,,,
483,0.092733563,0.336255966,0.077391127,0.358088948,0.20004958,0.183650054,,,,
484,0.098171088,0.360920191,0.081168091,0.461230991,0.210908351,0.193401783,,,,
485,0.104487734,0.38949976,0.085783476,0.607181337,0.223118363,0.205335035,,,,
486,0.108468198,0.405889666,0.087521368,0.674381174,0.231242091,0.211199911,,,,
487,0.113083583,0.427839198,0.090618641,0.657478447,0.238999519,0.219457949,,,,
488,0.118692049,0.455067525,0.094770045,0.588646539,0.252357272,0.231366781,,,,
489,0.124854035,0.482149332,0.098628409,0.520604211,0.264103304,0.242396492,,,,
490,0.131020091,0.507538018,0.102503053,0.497250527,0.277444777,0.253666334,,,,
491,0.136372146,0.532479002,0.106353276,0.493156103,0.29024901,0.265082695,,,,
492,0.143649314,0.56029341,0.110740741,0.441230991,0.304787065,0.278627669,,,,
493,0.151024161,0.59021608,0.116080586,0.402158952,0.320855441,0.293320383,,,,
494,0.157442557,0.615328005,0.120781441,0.376762127,0.333806194,0.305827506,,,,
495,0.165244755,0.63952825,0.125913716,0.355557406,0.34965479,0.318717209,,,,
496,0.174638325,0.672796463,0.133776964,0.332464202,0.36997225,0.336478706,,,,
497,0.183445813,0.70002479,0.139385429,0.308817479,0.387684908,0.351187701,,,,
498,0.190690421,0.718575869,0.144859585,0.286469086,0.40036297,0.364521035,,,,
499,0.198814149,0.740521331,0.150936101,0.267327857,0.416785437,0.376356606,,,,
500,0.207589078,0.760659711,0.157269027,0.251104821,0.433415473,0.390967921,,,,
501,0.216852407,0.778567729,0.162641433,0.238894809,0.449076849,0.403332593,,,,
502,0.224683095,0.795047175,0.168400488,0.234893995,0.463793984,0.416059496,,,,
503,0.232871943,0.808685759,0.172840863,0.233734044,0.476704037,0.427288637,,,,
504,0.240718911,0.818559589,0.177806268,0.234670145,0.489337329,0.437317127,,,,
505,0.247336737,0.828775299,0.182291412,0.241353091,0.502206682,0.446393236,,,,
506,0.255440115,0.839149739,0.187594628,0.251255411,0.515088245,0.458354978,,,,
507,0.261988752,0.846976357,0.190984941,0.261931032,0.526056906,0.465611796,,,,
508,0.272066082,0.858600289,0.196666667,0.279448329,0.540879861,0.477577608,,,,
509,0.27997817,0.866911237,0.201241351,0.293392163,0.554319014,0.487972398,,,,
510,0.288443778,0.874827395,0.205238095,0.303343323,0.566113886,0.497634588,,,,
511,0.293865024,0.880505051,0.209177859,0.312675843,0.574905095,0.504114034,,,,
512,0.301492211,0.888303178,0.213687424,0.32009953,0.588352388,0.514687905,,,,
513,0.309208939,0.892658083,0.216137566,0.320840271,0.597111037,0.52035335,,,,
514,0.314487734,0.897916528,0.219438339,0.318630259,0.605198135,0.529063159,,,,
515,0.32045029,0.901180671,0.222323972,0.314914345,0.614514375,0.534687905,,,,
516,0.326921597,0.905730936,0.226670737,0.307490657,0.624054464,0.541590632,,,,
517,0.335126725,0.912104562,0.23041514,0.296322566,0.635621416,0.551016761,,,,
518,0.338858919,0.914448884,0.232942613,0.285870796,0.641974692,0.554533245,,,,
519,0.345073815,0.917126947,0.234403744,0.276591187,0.64954897,0.55954749,,,,
520,0.351724202,0.922320272,0.237822548,0.263949754,0.658836719,0.566580457,,,,
521,0.357365227,0.924575055,0.241176231,0.25017686,0.666138306,0.571472601,,,,
522,0.363991194,0.928669479,0.243846154,0.24018093,0.673570134,0.578464868,,,,
523,0.368492618,0.93008991,0.244273504,0.23004662,0.678189588,0.5802109,,,,
524,0.37032412,0.931152181,0.245824176,0.221092611,0.682393902,0.582372072,,,,
525,0.376933807,0.934098864,0.247834758,0.211983942,0.689239649,0.588143338,,,,
526,0.381744552,0.936101306,0.25011396,0.202753173,0.695287675,0.591212121,,,,
527,0.386685537,0.938527029,0.252942613,0.197812188,0.701669442,0.595094905,,,,
528,0.39007992,0.939056129,0.253133903,0.1902257,0.703671884,0.598009028,,,,
529,0.395208125,0.940651571,0.255665446,0.182500833,0.71002109,0.601810412,,,,
530,0.39983165,0.941962112,0.257472527,0.176884227,0.713822474,0.604081474,,,,
531,0.401711992,0.941864432,0.256772487,0.177551708,0.716394716,0.605660636,,,,
532,0.406001776,0.943032523,0.258070818,0.204808525,0.721217671,0.607500278,,,,
533,0.408647279,0.943809894,0.25974359,0.220644911,0.723566064,0.608379398,,,,
534,0.411561402,0.943069153,0.26030525,0.202224072,0.725869686,0.608297998,,,,
535,0.417560588,0.946243756,0.262706553,0.232439782,0.732577053,0.614004144,,,,
536,0.422277722,0.948661339,0.264468864,0.325016095,0.737591298,0.616865357,,,,
537,0.427271617,0.949491619,0.265645096,0.490925741,0.742133422,0.62028009,,,,
538,0.431317201,0.94984978,0.267028897,0.656867947,0.744616125,0.622917453,,,,
539,0.435436045,0.951054501,0.268754579,0.928149998,0.749060569,0.625668776,,,,
540,0.438350168,0.950509121,0.269430199,0.968508159,0.751958412,0.625839716,,,,
541,0.442241092,0.952104562,0.270695971,0.968508159,0.755039405,0.627500278,,,,
542,0.4503404,0.954115144,0.274013024,0.968508159,0.763411403,0.633336663,,,,
543,0.456046546,0.955596626,0.276129426,0.968508159,0.767188367,0.636511267,,,,
544,0.461777112,0.956443186,0.277407407,0.968508159,0.773220113,0.638245088,,,,
545,0.468329818,0.957957228,0.27973545,0.968508159,0.777949458,0.642437192,,,,
546,0.469335109,0.957122877,0.27980464,0.968508159,0.777774448,0.639478299,,,,
547,0.475053465,0.957509528,0.281111111,0.968508159,0.780733341,0.641696452,,,,
548,0.479253709,0.957183927,0.282494912,0.968508159,0.784168424,0.645172235,,,,
549,0.488110038,0.959292189,0.286621897,0.964657935,0.791225811,0.648818959,,,,
550,0.494174344,0.958877049,0.288396418,0.851609502,0.793741074,0.648851519,,,,
551,0.498089688,0.959259629,0.289023199,0.696493506,0.797737818,0.64962482,,,,
552,0.503966774,0.958551449,0.29014652,0.541084471,0.800635661,0.65009694,,,,
553,0.5100555,0.957908388,0.291302401,0.393734044,0.802752063,0.650862101,,,,
554,0.516079106,0.958185148,0.292767603,0.273017723,0.806341806,0.651090021,,,,
555,0.521394531,0.956825767,0.293947904,0.198422688,0.808954749,0.651814482,,,,
556,0.528541459,0.957574648,0.298168498,0.161804862,0.814160284,0.654398934,,,,
557,0.535395345,0.957680468,0.297570208,0.137169127,0.817241277,0.654354164,,,,
558,0.540946831,0.957126947,0.30009361,0.113628224,0.82030192,0.654826285,,,,
559,0.548696119,0.955751286,0.301347171,0.096802827,0.821677582,0.653580864,,,,
560,0.556307026,0.954953565,0.302665853,0.086228956,0.825658046,0.654565805,,,,
561,0.563327783,0.955071595,0.304713065,0.080754801,0.82983794,0.655387945,,,,
562,0.571162541,0.953602324,0.305750916,0.074702705,0.831730492,0.654793725,,,,
563,0.578447848,0.953065083,0.307590558,0.066904577,0.836093536,0.653882044,,,,
564,0.585285455,0.951844082,0.309283679,0.059432049,0.837550598,0.654126244,,,,
565,0.595419765,0.951331261,0.310602361,0.053758464,0.842581123,0.654004144,,,,
566,0.602253302,0.94974803,0.311184371,0.050547231,0.843928294,0.653556444,,,,
567,0.607320457,0.947961298,0.311986162,0.048459318,0.845674326,0.651749362,,,,
568,0.614125504,0.946903097,0.312515263,0.047026677,0.847684908,0.649421319,,,,
569,0.624878455,0.946023976,0.314281644,0.041149591,0.850721131,0.648770119,,,,
570,0.633742924,0.944347134,0.316487586,0.034995745,0.854660895,0.648436378,,,,
571,0.646954157,0.946719947,0.320525031,0.033685204,0.862109002,0.655094905,,,,
572,0.645309875,0.93959337,0.315787546,0.032586303,0.856451696,0.642469752,,,,
573,0.635134865,0.926715877,0.307501018,0.032830503,0.846146446,0.624366374,,,,
574,0.641956192,0.923907574,0.306393976,0.040636771,0.846529027,0.61970215,,,,
575,0.646766937,0.92048877,0.306068376,0.111096681,0.847163947,0.614394864,,,,
576,0.657780368,0.91956895,0.308811559,0.525830096,0.850981611,0.615713546,,,,
577,0.683718504,0.929418359,0.318205128,0.309033189,0.865503386,0.632689533,,,,
578,0.693091723,0.93000444,0.31954823,0.502924113,0.871624672,0.632766863,,,,
579,0.691699782,0.921831872,0.314778185,0.466416176,0.866903467,0.621802272,,,,
580,0.693742924,0.916605987,0.312889703,0.386823177,0.864575425,0.614923965,,,,
581,0.69952233,0.913618604,0.312091982,0.43012802,0.865731306,0.61002368,,,,
582,0.704064454,0.909353239,0.310838421,0.601882192,0.865031265,0.604284974,,,,
583,0.707076257,0.906243756,0.30960928,0.652256632,0.864966145,0.60014985,,,,
584,0.7104625,0.902141192,0.308046398,0.606188256,0.864803345,0.595396085,,,,
585,0.715387205,0.898559589,0.306564917,0.522158952,0.865682466,0.58975506,,,,
586,0.719351389,0.893830244,0.303854294,0.691625782,0.863509084,0.584561735,,,,
587,0.724235394,0.89025678,0.303414733,0.679163429,0.863728864,0.581175491,,,,
588,0.726799497,0.886699597,0.302641433,0.385724276,0.864070744,0.575819366,,,,
589,0.728810079,0.882776113,0.29956044,0.300803641,0.864135864,0.570638251,,,,
590,0.732701003,0.878315388,0.299369149,0.315996966,0.863386983,0.566393236,,,,
591,0.735623266,0.874579125,0.296463166,0.388858179,0.862564843,0.560890591,,,,
592,0.74018167,0.871941762,0.296414326,0.592732823,0.863989344,0.558049728,,,,
593,0.743234173,0.868091538,0.295103785,0.479472749,0.863321863,0.553532024,,,,
594,0.747939098,0.863964554,0.293947904,0.26005069,0.864428904,0.550764421,,,,
595,0.749469419,0.860907981,0.292710623,0.20015651,0.863830614,0.546669997,,,,
596,0.75037296,0.856369926,0.29046398,0.186334776,0.862182262,0.542420912,,,,
597,0.754565065,0.853073223,0.29030932,0.194784105,0.863997484,0.54001961,,,,
598,0.758667629,0.852430162,0.288347578,0.307026677,0.863549784,0.536136826,,,,
599,0.743999334,0.833048803,0.28020757,0.356119066,0.851225811,0.519205609,,,,
600,0.737845488,0.823752914,0.274289784,0.229427979,0.844697525,0.507752618,,,,
601,0.73998224,0.819357309,0.273333333,0.150999001,0.842914863,0.504081474,,,,
602,0.736168646,0.813431383,0.269365079,0.112659563,0.839398379,0.497488067,,,,
603,0.738504829,0.808042698,0.268461538,0.112163022,0.838625079,0.494720465,,,,
604,0.756705887,0.82041551,0.274582825,0.126253376,0.851649092,0.505245495,,,,
605,0.746612277,0.805893736,0.267525438,0.141003071,0.840953121,0.491594702,,,,
606,0.742631813,0.797582788,0.263064713,0.180823991,0.835629556,0.483894254,,,,
607,0.737926888,0.787928738,0.25985755,0.262883413,0.831315351,0.476535687,,,,
608,0.735208125,0.783484293,0.255897436,0.421694972,0.827786658,0.47022311,,,,
609,0.731048581,0.776019906,0.253150183,0.805268435,0.823045103,0.464919895,,,,
610,0.726107596,0.766194916,0.24968254,0.968508159,0.816940097,0.457422947,,,,
611,0.72027935,0.757004847,0.245384615,0.968508159,0.81045251,0.4501702,,,,
612,0.712676583,0.746121656,0.240834351,0.968508159,0.803175343,0.441460391,,,,
613,0.701191031,0.732658083,0.235356125,0.968508159,0.791616532,0.42982018,,,,
614,0.692106782,0.718836349,0.23031746,0.957812188,0.7803182,0.421834832,,,,
615,0.67997003,0.702629593,0.223785104,0.787250527,0.76950827,0.411627262,,,,
616,0.676860547,0.695669886,0.222153032,0.534792245,0.763989344,0.405562956,,,,
617,0.667743738,0.683915714,0.217993488,0.381817072,0.753920154,0.398163688,,,,
618,0.661972472,0.675759426,0.214631665,0.33981463,0.746561587,0.392441262,,,,
619,0.655932586,0.666015836,0.211595442,0.369289599,0.738104118,0.385147815,,,,
620,0.645505236,0.650842861,0.206947497,0.423493913,0.726537167,0.376731047,,,,
621,0.635061605,0.63952825,0.201672772,0.421540312,0.715694676,0.367752618,,,,
622,0.621394531,0.622067932,0.196927147,0.453270063,0.699023939,0.358603249,,,,
623,0.612570763,0.61027306,0.192747253,0.486505717,0.690973471,0.351822622,,,,
624,0.605497095,0.602792393,0.189275539,0.492757243,0.680684501,0.346360676,,,,
625,0.593392903,0.587342657,0.184082214,0.495199245,0.668376808,0.336714767,,,,
626,0.583274873,0.576093166,0.18037851,0.458968069,0.654652755,0.329339919,,,,
627,0.570755541,0.561693492,0.175567766,0.390925741,0.64009842,0.320605691,,,,
628,0.557780368,0.547538018,0.171367521,0.344486994,0.624884745,0.312319162,,,,
629,0.547393717,0.534660525,0.166304436,0.427791838,0.612072372,0.304382654,,,,
630,0.534915085,0.521164391,0.161803012,0.663542754,0.597965738,0.295705406,,,,
631,0.525403485,0.508600289,0.158021978,0.462989233,0.586321456,0.29006438,,,,
632,0.514174344,0.496768787,0.154810745,0.21029082,0.573016613,0.283055833,,,,
633,0.502517853,0.484884375,0.15046398,0.102313612,0.560757761,0.274712325,,,,
634,0.491170681,0.471567322,0.146336996,0.075939986,0.546447626,0.267150257,,,,
635,0.476950087,0.458616569,0.141664632,0.065960336,0.530778111,0.259067229,,,,
636,0.467711178,0.447538018,0.137749288,0.058894809,0.52026122,0.253116883,,,,
637,0.453034743,0.432251082,0.132881563,0.052936323,0.503517224,0.244284974,,,,
638,0.443217893,0.422255152,0.13021164,0.049134939,0.492023532,0.238318348,,,,
639,0.432363192,0.41046842,0.126520147,0.047055167,0.479459429,0.232176712,,,,
640,0.423071373,0.401164391,0.123699634,0.047238317,0.468694269,0.226181596,,,,
641,0.408891479,0.387236837,0.118994709,0.048760499,0.452609613,0.218302068,,,,
642,0.39971769,0.378502609,0.115893366,0.050917601,0.443004403,0.212555223,,,,
643,0.38970548,0.366943797,0.113378103,0.053603804,0.431006031,0.206897917,,,,
644,0.377397787,0.354733785,0.108461538,0.054816665,0.416769157,0.19978355,,,,
645,0.366547157,0.344534355,0.105474155,0.053953824,0.404925445,0.193621564,,,,
646,0.356307026,0.333813964,0.102177452,0.054613165,0.392691013,0.187353757,,,,
647,0.348191438,0.324094794,0.099417989,0.057079587,0.383150923,0.182445332,,,,
648,0.335867466,0.312690643,0.096349206,0.067905798,0.36990713,0.176731047,,,,
649,0.327247197,0.304680875,0.093516484,0.132647353,0.361181041,0.172091242,,,,
650,0.32010027,0.297086247,0.090553521,0.182313612,0.352007252,0.166963037,,,,
651,0.310568321,0.287318237,0.087932438,0.115614386,0.342092722,0.162241832,,,,
652,0.300954971,0.277249047,0.084993895,0.099098309,0.33016761,0.157553188,,,,
653,0.290625301,0.267163577,0.082299552,0.089045399,0.319349539,0.151716802,,,,
654,0.280743331,0.258103748,0.079084249,0.071943242,0.309028009,0.146450216,,,,
655,0.273034743,0.249442779,0.077081807,0.065121915,0.2996263,0.142477892,,,,
656,0.264202834,0.241270211,0.074232804,0.064902135,0.29023273,0.137846228,,,,
657,0.255957006,0.232210382,0.071790802,0.069159359,0.27957746,0.132701743,,,,
658,0.246701817,0.223117993,0.068892959,0.053099123,0.27038739,0.128623599,,,,
659,0.238521109,0.213781404,0.066564917,0.043176453,0.260969401,0.124317534,,,,
660,0.233865024,0.208697969,0.065433455,0.04024198,0.254917305,0.120589411,,,,
661,0.226221556,0.201888852,0.063569394,0.070852481,0.248352388,0.117772968,,,,
662,0.219172309,0.193683724,0.060923891,0.108068598,0.239373959,0.113556444,,,,
663,0.211154401,0.186447256,0.058652829,0.073090983,0.230932771,0.109372479,,,,
664,0.203771414,0.179381729,0.056910867,0.051462981,0.223509084,0.105473415,,,,
665,0.197161727,0.172210382,0.054436304,0.045227735,0.215019055,0.102119732,,,,
666,0.18966478,0.166089096,0.053044363,0.046285936,0.207587228,0.098725349,,,,
667,0.182705073,0.16019573,0.050854701,0.045056795,0.200562401,0.095233285,,,,
668,0.176494246,0.153911644,0.048917379,0.040653051,0.193407333,0.091635402,,,,
669,0.170543901,0.147822918,0.046809117,0.038487808,0.185666186,0.088566619,,,,
670,0.164023754,0.143004033,0.045091575,0.038512229,0.178844859,0.085579236,,,,
671,0.157234987,0.137713028,0.043129833,0.038479668,0.172479372,0.081932512,,,,
672,0.151089281,0.132153402,0.041794872,0.034662005,0.164241684,0.078334628,,,,
673,0.144560995,0.127647908,0.03971917,0.032574093,0.158372738,0.076218226,,,,
674,0.140564251,0.124151774,0.038286528,0.031080401,0.153505014,0.072970363,,,,
675,0.135118585,0.11966663,0.036568987,0.0298187,0.148108188,0.070650461,,,,
676,0.131838162,0.117232767,0.036056166,0.028947719,0.143989344,0.068379398,,,,
677,0.128004218,0.114400044,0.034818885,0.0299408,0.139292559,0.066409516,,,,
678,0.123527214,0.111502202,0.033378103,0.034035224,0.134815555,0.064626855,,,,
679,0.12010027,0.107879898,0.032515263,0.040799571,0.13022459,0.062453472,,,,
680,0.114622045,0.103622674,0.030675621,0.042443852,0.125218485,0.06014171,,,,
681,0.1104218,0.09993525,0.029462759,0.037242387,0.11969142,0.057927628,,,,
682,0.106091316,0.096426906,0.028233618,0.033034003,0.115556296,0.055306545,,,,
683,0.101752692,0.092584823,0.027289377,0.032114182,0.111250231,0.053255263,,,,
684,0.097951308,0.08960558,0.026043956,0.034588745,0.106341806,0.051179561,,,,
685,0.093498723,0.085812336,0.024945055,0.044031154,0.102149702,0.049250379,,,,
686,0.08968106,0.082833093,0.024334554,0.078162208,0.098266918,0.047321197,,,,
687,0.086433196,0.07963407,0.022893773,0.086326636,0.094123654,0.045139675,,,,
688,0.083527214,0.076597847,0.022169312,0.05015244,0.090542051,0.043666334,,,,
689,0.08032412,0.074680875,0.021501832,0.03022977,0.087835498,0.042286602,,,,
690,0.078179228,0.071917342,0.020647131,0.03031524,0.085153365,0.040703371,,,,
691,0.074670885,0.069369519,0.01982499,0.018772709,0.080481,0.038928849,,,,
692,0.071227661,0.066325156,0.018888889,0.031259481,0.077998298,0.036755467,,,,
693,0.068712399,0.063549414,0.018262108,0.061719392,0.074294594,0.035656566,,,,
694,0.065440115,0.060993451,0.017480667,0.030600141,0.071290931,0.033898324,,,,
695,0.062444592,0.058331668,0.016634107,0.031308321,0.068230288,0.032652903,,,,
696,0.05981537,0.056215266,0.016178266,0.046237096,0.065837126,0.031627262,,,,
697,0.057495467,0.053610464,0.015299145,0.019448329,0.063061383,0.02999112,,,,
698,0.055606986,0.051608022,0.014403744,0.01029082,0.05983794,0.028721279,,,,
699,0.053295223,0.049312539,0.014216524,0.009102379,0.057802938,0.027597958,,,,
700,0.050674141,0.047432197,0.013597884,0.009403559,0.055092315,0.026726977,,,,
701,0.048671699,0.045625116,0.012840863,0.011495541,0.053317793,0.025164095,,,,
702,0.046652977,0.043231953,0.012482702,0.016281866,0.050835091,0.024390794,,,,
703,0.044691235,0.041921412,0.011864062,0.025903356,0.048637289,0.023454693,,,,
704,0.042762053,0.03971547,0.011481481,0.038634329,0.046659267,0.022608133,,,,
705,0.040572391,0.038177008,0.011025641,0.102769453,0.044599845,0.021509232,,,,
706,0.039489769,0.036728087,0.010577941,0.196314426,0.042849743,0.020931291,,,,
707,0.037226847,0.035336145,0.01026862,0.153766604,0.040977541,0.01995449,,,,
708,0.036372146,0.033586044,0.00977208,0.19993673,0.039284419,0.019254449,,,,
709,0.034166204,0.032242942,0.009430199,0.112439782,0.037355237,0.018595109,,,,
710,0.032814963,0.031233581,0.009015059,0.067686018,0.036028416,0.017886928,,,,
711,0.031317201,0.029418359,0.008795279,0.141996152,0.034603915,0.017105487,,,,
712,0.03004736,0.027936878,0.008339438,0.11978207,0.032878233,0.016389166,,,,
713,0.028484478,0.026707737,0.007981278,0.044446294,0.030875791,0.015200725,,,,
714,0.027255337,0.025730936,0.007427757,0.017616828,0.02985015,0.015037925,,,,
715,0.026278536,0.024778555,0.007509158,0.009110519,0.028930329,0.014321604,,,,
716,0.025187775,0.023761054,0.006906797,0.006562697,0.027725608,0.013792504,,,,
717,0.024194694,0.022824953,0.006752137,0.005520776,0.026260406,0.013304103,,,,
718,0.022737633,0.021726052,0.006467236,0.005211455,0.025063825,0.012766863,,,,
719,0.021679432,0.021050431,0.006328856,0.005064935,0.023745144,0.012042402,,,,
720,0.021068931,0.02015096,0.005885226,0.005052725,0.023122433,0.011676102,,,,
721,0.02048285,0.01959337,0.005775336,0.005024235,0.022483442,0.011326081,,,,
722,0.019229289,0.018730529,0.005734636,0.004714915,0.021702002,0.011098161,,,,
723,0.018692049,0.018014208,0.005466015,0.004185814,0.02032634,0.010593481,,,,
724,0.017861768,0.017257187,0.005441595,0.004373034,0.019430939,0.00999112,,,,
725,0.017226847,0.016956007,0.005229955,0.004714915,0.019284419,0.01015392,,,,
726,0.016290746,0.015555926,0.004839235,0.009143079,0.017916898,0.009152699,,,,
727,0.015745366,0.015181485,0.004521775,0.011007141,0.017281977,0.009168979,,,,
728,0.015061605,0.014611685,0.004285714,0.006408036,0.016516817,0.008639879,,,,
729,0.014459244,0.014131424,0.004196174,0.004486994,0.015955156,0.008208458,,,,
730,0.013734784,0.013447663,0.004065934,0.003974174,0.015287675,0.008013098,,,,
731,0.013506864,0.013113923,0.003854294,0.003900914,0.014823695,0.007711918,,,,
732,0.012904503,0.012405742,0.003919414,0.003355533,0.014180634,0.007361897,,,,
733,0.012375402,0.012112702,0.003675214,0.003209013,0.013667814,0.007247937,,,,
734,0.011830022,0.011852222,0.003414733,0.003135753,0.013130573,0.006938617,,,,
735,0.011357901,0.011306841,0.003365893,0.003160173,0.012739853,0.006645577,,,,
736,0.010853221,0.011144041,0.003178673,0.003526474,0.012015392,0.006588597,,,,
737,0.011148296,0.010401265,0.003693529,0.038721834,0.012109002,0.006584527,,,,
738,0.01002294,0.0102812,0.003284493,0.036770267,0.011331631,0.006035076,,,,
739,0.00995782,0.010037,0.003113553,0.013335183,0.011006031,0.005953676,,,,
740,0.0095264,0.009483479,0.002901913,0.005569616,0.010517631,0.005693196,,,,
741,0.009168239,0.009052059,0.002967033,0.006473156,0.01025715,0.005611796,,,,
742,0.008728679,0.008897399,0.002763533,0.006994117,0.00991527,0.005408295,,,,
743,0.008590299,0.008750879,0.002714693,0.004519555,0.009475709,0.005139675,,,,
744,0.008289118,0.008221778,0.002787953,0.003021793,0.009084989,0.004968735,,,,
745,0.008240278,0.008018278,0.002730973,0.003502054,0.008905909,0.004895475,,,,
746,0.007792578,0.007936878,0.002421652,0.004055574,0.008783809,0.004708255,,,,
747,0.007532098,0.007546158,0.002462352,0.002793873,0.008360528,0.004846635,,,,
748,0.007206497,0.007505458,0.002291412,0.002875273,0.008002368,0.004765235,,,,
749,0.006905317,0.007114737,0.002389092,0.033497983,0.007839568,0.004301254,,,,
750,0.006750657,0.007017057,0.002560033,0.067523218,0.007343027,0.004179154,,,,
751,0.006628557,0.006691457,0.002128612,0.050844341,0.007351167,0.004284974,,,,
752,0.006327376,0.006707737,0.002104192,0.016355126,0.007286047,0.003967514,,,,
753,0.006180856,0.006349576,0.002128612,0.004788175,0.006862767,0.004000074,,,,
754,0.005936656,0.006080956,0.001965812,0.002134532,0.006642987,0.003967514,,,,
755,0.005814556,0.005966996,0.002039072,0.001727532,0.006480186,0.003764014,,,,
756,0.005431975,0.005730936,0.001900692,0.001849632,0.006260406,0.003601214,,,,
757,0.005448255,0.005657676,0.001868132,0.001735672,0.006122026,0.003576794,,,,
758,0.005204055,0.005405335,0.001835572,0.001442631,0.005975506,0.003503534,,,,
759,0.005065675,0.005323935,0.001851852,0.001548452,0.005641766,0.003422133,,,,
760,0.004845895,0.005128575,0.001758242,0.001760092,0.005495245,0.003104673,,,,
761,0.004634255,0.004876235,0.001672772,0.002321752,0.005251045,0.003088393,,,,
762,0.004292374,0.004737855,0.001477411,0.097209827,0.004941725,0.002982573,,,,
763,0.004145854,0.004461094,0.001648352,0.170950161,0.004721945,0.003055833,,,,
764,0.004422614,0.004542495,0.001542532,0.058325008,0.004860325,0.002958153,,,,
765,0.004088874,0.004371554,0.001770452,0.014287564,0.004738225,0.002713953,,,,
766,0.004015614,0.004273874,0.001518112,0.003648574,0.004380064,0.002746513,,,,
767,0.003885374,0.003997114,0.001526252,0.001849632,0.004266104,0.002624413,,,,
768,0.003742924,0.003905539,0.001459096,0.001725497,0.004282384,0.002628483,,,,
769,0.003657454,0.003883154,0.001526252,0.001784512,0.004013764,0.002388352,,,,
770,0.003519074,0.003581974,0.001355311,0.002590373,0.003826544,0.002575573,,,,
771,0.003364413,0.003476153,0.001265771,0.051064121,0.003842824,0.002396492,,,,
772,0.003315573,0.003484293,0.001387871,0.043257853,0.003696304,0.002331372,,,,
773,0.003169053,0.003288933,0.001168831,0.015378325,0.003549784,0.002160432,,,,
774,0.002965553,0.003288933,0.001314611,0.004633515,0.003696304,0.002119732,,,,
775,0.002778333,0.003093573,0.001208791,0.001768232,0.003533504,0.002062752,,,,
776,0.002957413,0.003093573,0.001265771,0.001458911,0.003207903,0.002152292,,,,
777,0.002737633,0.003077293,0.001233211,0.001287971,0.003093943,0.002103452,,,,
778,0.002664373,0.003012173,0.001184371,0.001157731,0.003118363,0.001916232,,,,
779,0.002501573,0.002792393,0.001273911,0.001133311,0.002988123,0.001981352,,,,
780,0.002485292,0.002833093,0.001013431,0.000986791,0.002857883,0.001753432,,,,
781,0.002371332,0.002540053,0.001078551,0.001182151,0.002809043,0.001932512,,,,
782,0.002387612,0.002597033,0.001135531,0.001060051,0.002857883,0.001810412,,,,
783,0.002369297,0.002599068,0.001269841,0.001206571,0.002719503,0.001889777,,,,
784,0.002175972,0.002556333,0.000956451,0.000862101,0.002629963,0.001683872,,,,
785,0.002192252,0.002238872,0.001119251,0.000994931,0.002312502,0.001631332,,,,
786,0.001891072,0.002279572,0.000891331,0.001035631,0.002222962,0.001582492,,,,
787,0.001952862,0.002336552,0.000940171,0.000913531,0.002304362,0.001509232,,,,
788,0.001980612,0.002149332,0.000684131,0.000929811,0.002304362,0.001533652,,,,
789,0.001825952,0.002173752,0.000980871,0.001108891,0.002141562,0.001403411,,,,
790,0.001915492,0.001953972,0.000835461,0.000970511,0.002076442,0.001484811,,,,
791,0.001801532,0.002084212,0.000858771,0.001011211,0.001970622,0.001403411,,,,
792,0.001728272,0.001953972,0.000858771,0.001133311,0.002125282,0.001558072,,,,
793,0.001638732,0.001962112,0.000850631,0.009143079,0.002125282,0.001590632,,,,
794,0.001711992,0.001766752,0.000736671,0.046131276,0.001946202,0.001338291,,,,
795,0.001593962,0.001866467,0.000995116,0.019075924,0.001803752,0.001401376,,,,
796,0.001427091,0.001848152,0.000806971,0.005732416,0.001986902,0.001175491,,,,
797,0.001459651,0.001750472,0.000721131,0.001971732,0.001954342,0.001313871,,,,
798,0.001614312,0.001888852,0.000858771,0.001426351,0.001815962,0.001354571,,,,
799,0.001638732,0.001815592,0.000818071,0.015541126,0.001718282,0.001346431,,,,
800,0.001394531,0.001742332,0.000730751,0.07009546,0.001620602,0.001281311,,,,
801,0.001371961,0.001514412,0.000727421,0.066049876,0.001742702,0.001118511,,,,
802,0.001329411,0.001709772,0.000767381,0.023021793,0.001685722,0.001077811,,,,
803,0.001282791,0.001628372,0.000899471,0.007230177,0.001531062,0.001281311,,,,
804,0.001256151,0.001538832,0.000675991,0.002557813,0.001636882,0.001313871,,,,
805,0.001276501,0.001445221,0.000775336,0.001859807,0.001565657,0.001151071,,,,
806,0.001321271,0.001449291,0.000730751,0.001467051,0.001376401,0.001020831,,,,
807,0.001288711,0.001441151,0.000809931,0.001353091,0.001425241,0.001395271,,,,
808,0.001207311,0.001433011,0.000801791,0.002565953,0.001555482,0.001155881,,,,
809,0.001304991,0.001498131,0.000611611,0.055215525,0.001539202,0.001102231,,,,
810,0.001127391,0.001424871,0.000646021,0.197999408,0.001563622,0.001224331,,,,
811,0.001193991,0.001310911,0.000878011,0.254653865,0.001408961,0.000988271,,,,
812,0.001191031,0.001424871,0.000793651,0.087335997,0.001506642,0.001102231,,,,
813,0.001264291,0.001353646,0.001033411,0.019564325,0.001394716,0.000943501,,,,
814,0.001134051,0.001416731,0.000665631,0.002867133,0.001246161,0.000980131,,,,
815,0.001052651,0.001416731,0.00047582,0.001515892,0.001408961,0.001077811,,,,
816,0.000906131,0.001359751,0.000674511,0.001068191,0.001205461,0.001037111,,,,
817,0.001101491,0.001302771,0.000734451,0.001125171,0.001351981,0.001053391,,,,
818,0.001077071,0.001262071,0.000652681,0.001051911,0.001134421,0.001155881,,,,
819,0.000986051,0.001270211,0.000718171,0.001108891,0.001303141,0.000967551,,,,
820,0.001050061,0.001270211,0.000590891,0.001125171,0.001335701,0.000902431,,,,
821,0.000868576,0.001177434,0.000635198,0.000974581,0.001394716,0.000786158,,,,
822,0.000922411,0.001131831,0.000730751,0.000674141,0.001278721,0.000841751,,,,
823,0.000889851,0.000993451,0.000781441,0.000787361,0.001140341,0.000993451,,,,
824,0.000909831,0.001072261,0.000626041,0.000954231,0.001099641,0.000856181,,,,
825,0.001036371,0.001074851,0.000661191,0.016835387,0.001083361,0.000939431,,,,
826,0.000954971,0.001286491,0.000663411,0.021971732,0.001075221,0.001045251,,,,
827,0.000995671,0.001161061,0.000769231,0.008963999,0.001189181,0.001085951,,,,
828,0.000959041,0.001036186,0.000592463,0.002977023,0.001071151,0.000937396,,,,
829,0.000734451,0.001205091,0.000809931,0.000962371,0.001067081,0.000809191,,,,
830,0.000865431,0.001148111,0.000610501,0.000694861,0.001132201,0.000923151,,,,
831,0.000906131,0.001099271,0.000712251,0.000703001,0.001246161,0.000915011,,,,
832,0.000762571,0.000960891,0.000637141,0.000732231,0.001050801,0.000923151,,,,
833,0.000728901,0.000952751,0.000605691,0.000670441,0.000864321,0.000915011,,,,
834,0.000762941,0.001042291,0.000622711,0.000680431,0.001058941,0.000856181,,,,
835,0.000729271,0.000882728,0.000621323,0.000789211,0.001065046,0.000780331,,,,
836,0.000765161,0.000895771,0.000685241,0.000568691,0.001140341,0.000822141,,,,
837,0.000857291,0.000977171,0.000582751,0.000893551,0.000907611,0.000915011,,,,
838,0.000782181,0.000940541,0.000704851,0.000905391,0.000953121,0.000784771,,,,
839,0.000873571,0.000944611,0.000601991,0.010608281,0.001018241,0.000858031,,,,
840,0.000684131,0.000830651,0.000508381,0.046863877,0.000977541,0.000874311,,,,
841,0.000733156,0.000914086,0.000750638,0.072213897,0.000961261,0.000792818,,,,
842,0.000684871,0.001066711,0.000566101,0.066326636,0.000977541,0.000687091,,,,
843,0.000698931,0.001066711,0.000602731,0.022639213,0.000777371,0.000883191,,,,
844,0.000829171,0.001034151,0.000685611,0.007392977,0.000744811,0.001004551,,,,
845,0.000720391,0.000939061,0.000576461,0.001857772,0.001067081,0.000638251,,,,
846,0.000712251,0.001042291,0.000564991,0.001149591,0.001037851,0.000863211,,,,
847,0.000759241,0.000672938,0.000569153,0.000772283,0.000826951,0.000838883,,,,
848,0.000709291,0.000830651,0.000608651,0.000872831,0.000977541,0.000882451,,,,
849,0.000625671,0.000720761,0.000641211,0.000666371,0.000790321,0.000768491,,,,
850,0.000728531,0.000686721,0.00040589,0.001578052,0.000745551,0.000779591,,,,
851,0.000824731,0.000772561,0.000636031,0.017909868,0.000900211,0.000858031,,,,
852,0.000669331,0.000831668,0.000642968,0.012378732,0.000790321,0.000896603,,,,
853,0.000884671,0.000922781,0.000590521,0.004666075,0.000766271,0.000776631,,,,
854,0.000746291,0.000906501,0.00048692,0.001686832,0.000749621,0.000903541,,,,
855,0.000813261,0.000879491,0.000593111,0.000937951,0.000728901,0.000739631,,,,
856,0.000826951,0.001301291,0.001054131,0.001182151,0.000977541,0.001245421,,,,
857,0.000569986,0.000920191,0.000726496,0.000646021,0.000955156,0.000792818,,,,
858,0.000728531,0.000877271,0.000607171,0.000560921,0.000879861,0.000719651,,,,
859,0.000627151,0.000684131,0.00040811,0.000580901,0.000761831,0.000801051,,,,
860,0.000739631,0.000655271,0.000648241,0.000758871,0.000743331,0.000923151,,,,
861,0.000745551,0.000871351,0.000667111,0.000845451,0.000786251,0.000817331,,,,
862,0.000672938,0.000919081,0.00044844,0.000685426,0.000692363,0.000640193,,,,
863,0.000542791,0.000703741,0.00045917,0.000639731,0.000725201,0.000787361,,,,
864,0.000780701,0.000678581,0.00044437,0.000845451,0.000741481,0.000703371,,,,
865,0.000706331,0.000732971,0.000514301,0.001545122,0.000857661,0.000817331,,,,
866,0.000681541,0.000788841,0.000667481,0.004796315,0.000725201,0.000785141,,,,
867,0.000588856,0.000609946,0.000589133,0.002433677,0.000744256,0.000594128,,,,
868,0.000608651,0.000675251,0.000643061,0.001141451,0.000651571,0.000670811,,,,
869,0.00046065,0.000682651,0.000563141,0.000707071,0.000651941,0.000828431,,,,
870,0.000553891,0.000667851,0.00045177,0.000638991,0.000781071,0.000691901,,,,
871,0.000536131,0.000691161,0.000503941,0.00047323,0.000727421,0.000890591,,,,
872,0.000561106,0.000621046,0.000541681,0.000477578,0.000684593,0.000814741,,,,
873,0.000584971,0.000700411,0.000592001,0.000599031,0.000883931,0.000682651,,,,
874,0.000777371,0.000616421,0.000681541,0.000557591,0.000744811,0.000644541,,,,
875,0.00049099,0.000680801,0.000543531,0.000715951,0.000700041,0.000663411,,,,
876,0.000562771,0.000656843,0.000478965,0.000645743,0.000768398,0.000637418,,,,
877,0.000580531,0.000596071,0.00041773,0.000726311,0.000700781,0.000661931,,,,
878,0.000526881,0.000789951,0.000563511,0.000567211,0.000578681,0.000784771,,,,
879,0.000626781,0.000648981,0.000547601,0.000561661,0.000714841,0.000771081,,,,
880,0.000636863,0.000616051,0.000689033,0.000592186,0.000851371,0.000656566,,,,
881,0.000633441,0.000708551,0.00042143,0.0004181,0.000680801,0.000759611,,,,
882,0.000615681,0.000573131,0.00047286,0.000584601,0.000709291,0.000700411,,,,
883,0.000601251,0.000731861,0.00046583,0.000601991,0.000664151,0.000764051,,,,
884,0.000605506,0.000712621,0.000600511,0.000662393,0.000518648,0.000691808,,,,
885,0.000669701,0.000721871,0.000508751,0.000530211,0.000708181,0.000651201,,,,
886,0.000727051,0.000693751,0.000624561,0.000526141,0.000643061,0.000697821,,,,
887,0.000600141,0.000573131,0.000542791,0.000530211,0.000733341,0.000812891,,,,
888,0.000687831,0.00046435,0.00049025,0.00043993,0.000801791,0.000531691,,,,
889,0.000480908,0.000653791,0.000618271,0.00039738,0.000599123,0.000595516,,,,
890,0.000604211,0.000799571,0.000560551,0.000502461,0.000646021,0.000716321,,,,
891,0.000593481,0.000872461,0.00047952,0.00048988,0.000721131,0.000711511,,,,
892,0.0004884,0.000755356,0.000523921,0.000623821,0.000658786,0.000760351,,,,
893,0.0003737,0.000678581,0.00037,0.00037629,0.000774041,0.000782921,,,,
894,0.00042328,0.000726311,0.00048063,0.00041403,0.000672661,0.000772191,,,,
895,0.0003996,0.000706331,0.00049654,0.000519111,0.000715211,0.000647871,,,,
896,0.00039738,0.000651016,0.000758408,0.000503663,0.000595793,0.000763126,,,,
897,0.00049543,0.000658231,0.00043475,0.000573131,0.000582751,0.000567951,,,,
898,0.00040478,0.000615311,0.00030414,0.00041255,0.000680061,0.000547231,,,,
899,0.000842491,0.000826581,0.000626041,0.000632701,0.000748141,0.000898731,,,,
900,0.000608558,0.000800033,0.00043623,0.00029193,0.000555278,0.000767288,,,,
901,0.000546861,0.000583491,0.00047323,0.00046324,0.000635661,0.000784771,,,,
902,0.000579791,0.000680061,0.00043179,0.000522071,0.000552041,0.000689681,,,,
903,0.000505883,0.000599956,0.000450105,0.000559996,0.000591908,0.000681541,,,,
904,0.000553151,0.000535021,0.000598291,0.000569801,0.000600881,0.000666001,,,,
905,0.000614571,0.000819181,0.000597181,0.00049765,0.000665631,0.000678951,,,,
906,0.000545751,0.000722241,0.00041551,0.00047471,0.000560181,0.000647501,,,,
907,0.00046398,0.000730103,0.000531413,0.000575258,0.000622156,0.000766456,,,,
908,0.00043031,0.000586451,0.000586821,0.000614571,0.000611241,0.000617161,,,,
909,0.000559071,0.000648981,0.000520961,0.000560921,0.000841751,0.000699671,,,,
910,0.000410423,0.000553891,0.000525863,0.002464202,0.000654346,0.000798368,,,,
911,0.00034373,0.000574241,0.000548341,0.051218781,0.000678581,0.000561291,,,,
912,0.00041403,0.000731491,0.00042698,0.038373848,0.000769231,0.000659341,,,,
913,0.0004921,0.000814371,0.000511341,0.013107263,0.00048137,0.000569801,,,,
914,0.000605506,0.000598291,0.000455655,0.004759685,0.000623266,0.000541126,,,,
915,0.000553151,0.000608651,0.00041995,0.001385651,0.000584601,0.00048026,,,,
916,0.000658231,0.000529841,0.000632331,0.000526881,0.000586081,0.000582751,,,,
917,0.000623266,0.000718171,0.000435675,0.00047064,0.000566933,0.000624653,,,,
918,0.000560921,0.000619011,0.000579051,0.000565361,0.000643801,0.000698931,,,,
919,0.000675991,0.000610871,0.000516521,0.000853591,0.000798461,0.000601251,,,,
920,0.000601621,0.000603286,0.000582473,0.000687646,0.000632978,0.000735376,,,,
921,0.000539461,0.000710771,0.000543161,0.007254597,0.000565731,0.000621971,,,,
922,0.000604951,0.000606431,0.000500981,0.009077959,0.000592001,0.000538721,,,,
923,0.000561938,0.000705683,0.000555556,0.003227328,0.000510878,0.000684871,,,,
924,0.00049062,0.000613831,0.00032486,0.001670552,0.000664151,0.000868761,,,,
925,0.00041921,0.00039257,0.00044511,0.000970511,0.000729271,0.000762941,,,,
926,0.000450938,0.000721778,0.000578866,0.000522811,0.000662671,0.000795871,,,,
927,0.00044548,0.000559441,0.000537611,0.000569061,0.000643801,0.000717801,,,,
928,0.00036741,0.000730751,0.000652681,0.00042883,0.000782181,0.000684501,,,,
929,0.000429015,0.000674326,0.000710123,0.000574148,0.000795871,0.000657953,,,,
930,0.000534651,0.000615311,0.000572021,0.000560921,0.000782181,0.000752211,,,,
931,0.00046472,0.000725941,0.000587191,0.00044548,0.000683021,0.000687831,,,,
932,0.000655733,0.000608003,0.000551671,0.000411533,0.000607448,0.000729271,,,,
933,0.000627891,0.000599771,0.00046546,0.00044178,0.00047471,0.000600141,,,,
934,0.000560921,0.000537611,0.00049543,0.000942021,0.000543901,0.00044141,,,,
935,0.000593296,0.000556943,0.000540848,0.001206571,0.000692641,0.000638528,,,,
936,0.000513931,0.000777741,0.0003848,0.000627521,0.000481,0.000574981,,,,
937,0.000505791,0.000664521,0.000514671,0.00047656,0.000596441,0.000628261,,,,
938,0.000502831,0.000468975,0.000571651,0.000599678,0.000778388,0.000747031,,,,
939,0.000627151,0.000599401,0.000526881,0.000509861,0.000639361,0.000828061,,,,
940,0.000616051,0.000509121,0.000614571,0.00029674,0.000606801,0.000677101,,,,
941,0.000505051,0.000698191,0.00044622,0.000487013,0.000701798,0.000578311,,,,
942,0.000604951,0.000711141,0.00039479,0.000515041,0.000703001,0.000714101,,,,
943,0.000563881,0.000536131,0.00047323,0.00044474,0.000765901,0.000556481,,,,
944,0.000449828,0.000591631,0.000594683,0.000592186,0.000534743,0.000566101,,,,
945,0.000655271,0.00048248,0.000594221,0.00049099,0.000686721,0.000609761,,,,
946,0.00043105,0.000556481,0.000573131,0.00040478,0.000568321,0.000755911,,,,
947,0.000541681,0.000529471,0.000651016,0.000614941,0.000572483,0.000793651,,,,
948,0.00037666,0.00046916,0.000509861,0.000583491,0.0004921,0.000579421,,,,
949,0.000391553,0.000473693,0.00038295,0.000538906,0.000516151,0.000547231,,,,
950,0.00043068,0.000519111,0.00049432,0.00032005,0.00048988,0.000551301,,,,
